{
  "file_path": "F:/Contents/3 Of Life vs Last Men Standing/3R1 (Album)/3 of life vs last men standing - mafrend.aiff",
  "filename": "3 of life vs last men standing - mafrend.aiff",
  "features": {
    "tempo": 0.6799958881578948,
    "beat_count": 172,
    "spectral_centroid": 0.22360471467964008,
    "spectral_rolloff": 0.4678609729920378,
    "zero_crossing_rate": 0.06698939084268576,
    "mfcc_variance": 40.92518798828125,
    "chroma_mean": 0.4586467742919922,
    "energy": 0.20516462624073029,
    "loudness": 1.2292991711619177,
    "key": 0.5454545454545454,
    "key_confidence": 0.7344360947608948,
    "mode": 0.0,
    "valence": 0.08206585049629211,
    "danceability": 0.07351732440292835
  },
  "metadata": {
    "file_size": 66345662,
    "duration": 120.0,
    "bpm": 135.99917763157896,
    "analyzed_at": 1727622170.0
  },
  "mood": {
    "primary_mood": "unknown",
    "confidence": 0.0,
    "secondary_moods": [],
    "explanation": "",
    "energy_level": 0.20516462624073029,
    "valence": 0.08206585049629211,
    "danceability": 0.07351732440292835,
    "mood_details": {
      "euphoric": 0.6788837717437121,
      "dark": 0.6422324565125759,
      "driving": 1.0,
      "experimental": 1.0
    }
  },
  "camelot": {
    "key": "F#m",
    "camelot": "11A",
    "key_confidence": 0.7344360947608948
  },
  "errors": [],
  "version": "2.0"
}